<?xml version="1.0" encoding="UTF-8"?>
<beans xmlns="http://www.springframework.org/schema/beans"
	xmlns:xsi="http://www.w3.org/2001/XMLSchema-instance" 
	xmlns:aop="http://www.springframework.org/schema/aop"	
	xmlns:context="http://www.springframework.org/schema/context"
	xmlns:util="http://www.springframework.org/schema/util"
	 xmlns:p="http://www.springframework.org/schema/p"
	 xmlns:tx="http://www.springframework.org/schema/tx"
	 xmlns:mvc="http://www.springframework.org/schema/mvc"
	xsi:schemaLocation="http://www.springframework.org/schema/beans 
	http://www.springframework.org/schema/beans/spring-beans-4.0.xsd
	 http://www.springframework.org/schema/context
     http://www.springframework.org/schema/context/spring-context-3.0.xsd
     http://www.springframework.org/schema/util 
     http://www.springframework.org/schema/util/spring-util-3.0.xsd
  http://www.springframework.org/schema/aop 
http://www.springframework.org/schema/aop/spring-aop.xsd
http://www.springframework.org/schema/mvc 
	http://www.springframework.org/schema/mvc/spring-mvc-3.2.xsd
	http://www.springframework.org/schema/tx 
		http://www.springframework.org/schema/tx/spring-tx-3.2.xsd">
		
		
		
		 <bean id="emp1"  class="com.cg.demo.bean.Employees" >
		<property name="empsId" value="12345"/>
		<property name="empsName" value="Harriet"/>
		<property name="empsSal" value="40000.0"/>
		</bean>
		
		<bean id="emp2"  class="com.cg.demo.bean.Employees" >
		<property name="empsId" value="12346"/>
		<property name="empsName" value="Harry"/>
		<property name="empsSal" value="50000.0"/>
		</bean>
		
		<bean id="sbuAdd1" class="com.cg.demo.bean.SBU">
		<property name="sbuId" value="PES-BU"/>
		<property name="sbuName" value="Product Engineering Service"/>
		<property name="sbuHead" value="Kiran Rao"/>
		<property name="Emp">
		<list><ref bean="emp1"/>
		<ref bean="emp2"/></list></property>
		</bean>
		
</beans>